﻿<?xml version="1.0" encoding="UTF-8" ?>
<items>	
<playlist_name>no_name</playlist_name> 
<channel>
	<title>Tasten mit Standard-Funktionen</title>
	<playlist_url>stop</playlist_url>
	<description><![CDATA[<table><table><td><img src="img/buttons/0_9.png" /></td><td> - Schnelleingabenummer Kanal oder eine Wiedergabeliste.</td></table><table><td> "PRE-CH" - Zurück Kanal.</td></table><table><td> "VoI +", " Vol -" - Einstellen der Lautstärke.</td></table><table><td> "MUTE" -  lautlos schalten</td></table><table><td> "MENU" - Standard-TV-Setup-Menü.</td></table><table><td><img src="img/buttons/back.png" /></td><td> - Zurück zur Vorgängermenü.</td></table><table><td><img src="img/buttons/exit.png" /></td><td> "EXIT" -  App Beenden</td></table><table><td><img src="img/buttons/psize.png" /></td><td> - Einstellen der Größe und Proportionen des Bildschirms.</td></table><table>"AD/SUBT" - Schaltbare Tonspuren.</table></table>]]></description>
</channel>
<channel>
	<title>"Menü Playlist"</title>
	<playlist_url>stop</playlist_url>
	<description><![CDATA[<table><table><td><img src="img/buttons/tools.png" /></td><td>"TOOLS" - Einstellungen</td></table><table><td><img src="img/buttons/move.png" /></td><td> - Kanäle durchblättern</td></table><table><td><img src="img/buttons/enter.png" /></td><td>"ENTER" - Bestätigen </td></table><table><td><img src="img/buttons/back.png" /></td><td> "RETURN" - Zurück</td></table><table><td><img src="img/buttons/exit.png" /></td><td> "EXIT" - Um einen Stream zu stoppen</td></table><table><td><img src="img/buttons/red.png" /></td><td> - Bietet STREAM Playlist.</td></table><table><td><img src="img/buttons/green.png" /><img src="img/buttons/yellow.png" /><img src="img/buttons/blue.png" /></td><td> - Fügen Sie, öffnen Sie das Bearbeiten. Fav.</td></table><table><td><img src="img/buttons/info.png" /></td><td> "INFO" - Beschreibung !</td></table><table><td> "P+", "P-" - Bewegen Sie Detail verwenden. oben - unten</td></table><table><td><img src="img/buttons/rew.png" /><img src="img/buttons/ff.png" /></td><td> - Blättern App "Tag - ", "Tag + ".</td></table><table><td><img src="img/buttons/play.png" /></td><td> - Das Programm für den laufende Tag.</td></table><table><td><img src="img/buttons/stop.png" /></td><td> - Stoppen oder zu adressieren Eingangs</td></table><table><td>"GUIDE" - Detailprogramm</td></table></table>]]></description>
</channel>
<channel>
	<title>"Abspielen von Streams"</title>
	<playlist_url>stop</playlist_url>
	<description><![CDATA[<table><table><td><img src="img/buttons/tools.png" /></td><td>"TOOLS" - Tools (bis "D" und "H" Serie)</td></table><table><td><img src="img/buttons/info.png" /></td><td> "INFO" - Rufen Sie den Player.</td></table><table><td><img src="img/buttons/ud.png" /></td><td> "P+", "P-" - Kanalauswahl</td></table><table><td><img src="img/buttons/lr.png" /></td><td> - Einstellen der Lautstärke</td></table><table><td><img src="img/buttons/back.png" /></td><td> "RETURN" - Zurück zur Liste der Kanäle.</td></table><table><td><img src="img/buttons/exit.png" /></td><td> "EXIT" - Stop Stream und zur Kanalliste.</td></table><table><td><img src="img/buttons/green.png" /><img src="img/buttons/yellow.png" /></td><td> - Einstellen von Bild und Ton.</td></table><table><td><img src="img/buttons/blue.png" /></td><td> - Einstellen der Bildgröße </td></table><table><td>"REC" - Anzeigen der aktuell genutzten MAC-Adresse</td></table><table><td><img src="img/buttons/play.png" /></td><td> -  Wiedergabe fortsetzen.</td></table></table>]]></description>
</channel>
<channel>
	<title>"Wiedergabe von Mediendateien"</title>
	<playlist_url>stop</playlist_url>
	<description><![CDATA[<table><table><td><img src="img/buttons/0_9.png" /></td><td> - Sprung auf 0% - 100 % .</td></table><table><td><img src="img/buttons/ud.png" /></td><td> "P+", "P-" - Der Wechsel zu einer anderen Datei</td></table><table><td><img src="img/buttons/tools.png" /></td><td>"TOOLS" - Tools (bis "D" und "E" Serie)</td></table><table><td><img src="img/buttons/info.png" /></td><td> "INFO" - Rufen Sie den Player.</td></table><table><td><img src="img/buttons/back.png" /></td><td> "RETURN" - Zurück zu den Medien.</td></table><table><td><img src="img/buttons/exit.png" /></td><td> "EXIT" Stop Kosten in die Dateiliste</td></table><table><td><img src="img/buttons/green.png" /><img src="img/buttons/yellow.png" /></td><td> - Einstellen von Bild und Ton.</td></table><table><td><img src="img/buttons/enter.png" /></td><td>"ENTER" - Abspiel Pause</td></table><table><td>Zurückspulen : </td><td><img src="img/buttons/lr.png" /></td><td>+/- 2 min. , </td><td><img src="img/buttons/help_ff_rew.png" /></td><td>+/- 30 sek.</td></table><table><td><img src="img/buttons/pause.png" /></td><td> - Pause,</td><td><img src="img/buttons/play.png" /></td><td> - fortsetzen,</td><td><img src="img/buttons/stop.png" /></td><td> - stoppen.</td></table><table><td><img src="img/buttons/play.png" /></td><td> - sequenzielle Wiedergabe.</td></table><table><td><img src="img/buttons/blue.png" /></td><td> - Verändern der Bildgröße.</td></table>]]></description>
</channel>		
</items>